ID,Category,CategoryName,SiteName,DirectoryURL,Type,Priority,TargetMoneyPage,SubmissionMethod,Status,SubmissionDate,AccountLogin,LiveListingURL,Notes
1,Category 1,Tier-1 Global Authority Listings,Google Business Profile,https://google.com/business,Citation / Local SEO,High,https://uden.tech,Self-serve,To Submit,,,,Claim GBP; verify phone/address; add logo & description
2,Category 1,Tier-1 Global Authority Listings,Bing Places for Business,https://bingplaces.com,Search Citation,High,https://uden.tech,Self-serve,To Submit,,,,Sync from Google Business Profile or claim free
3,Category 1,Tier-1 Global Authority Listings,Facebook Business Page,https://facebook.com/business,Social Citation,High,https://uden.tech,Self-serve,To Submit,,,,Create verified business page; add website link
4,Category 1,Tier-1 Global Authority Listings,LinkedIn Company Page,https://linkedin.com/company,Professional Citation,High,https://uden.tech,Self-serve,To Submit,,,,Update official page with all audience URLs
5,Category 1,Tier-1 Global Authority Listings,Apple Business Connect,https://businessconnect.apple.com,Mobile Citation,High,https://uden.tech,Self-serve,To Submit,,,,Verify business location on Apple Maps
6,Category 1,Tier-1 Global Authority Listings,Yelp for Business,https://biz.yelp.com,Authority Profile,Medium,https://uden.tech,Self-serve,To Submit,,,,Create free listing; add services & hours
7,Category 1,Tier-1 Global Authority Listings,Foursquare for Business,https://foursquare.com/business,Location Citation,Medium,https://uden.tech,Self-serve,To Submit,,,,Claim listing; provide address & NAP
8,Category 1,Tier-1 Global Authority Listings,Trustpilot,https://business.trustpilot.com,Verified Reviews,High,https://uden.tech,Self-serve,To Submit,,,,Create free business profile; request 5 initial reviews
9,Category 1,Tier-1 Global Authority Listings,Crunchbase,https://crunchbase.com,Startup Profile,High,https://uden.tech,Self-serve,To Submit,,,,Add funding, founders, DPIIT, and partner badges
10,Category 1,Tier-1 Global Authority Listings,Better Business Bureau,https://bbb.org,Trust Profile,Low,https://uden.tech,Self-serve,To Submit,,,,Free basic listing for cross-border credibility
11,Category 2,Indian Business & Local Directories,Justdial,https://justdial.com,Local Directory,High,https://uden.tech,Self-serve / OTP,To Submit,,,,Phone OTP + GST verification required
12,Category 2,Indian Business & Local Directories,Sulekha,https://sulekha.com,Education / Services,High,https://uden.tech/colleges,Self-serve / OTP,To Submit,,,,Categorize under Education & Placement
13,Category 2,Indian Business & Local Directories,IndiaMART,https://indiamart.com,B2B Directory,High,https://uden.tech/recruiters,Self-serve / OTP,To Submit,,,,List Campus Placement System & Talent services
14,Category 2,Indian Business & Local Directories,TradeIndia,https://tradeindia.com,B2B Portal,Medium,https://uden.tech,Self-serve,To Submit,,,,Create vendor catalog; add link
15,Category 2,Indian Business & Local Directories,Yellow Pages India,https://yellowpages.in,National Directory,Medium,https://uden.tech,Self-serve,To Submit,,,,Standard business submission
16,Category 2,Indian Business & Local Directories,Indian Yellow Pages,https://indianyellowpages.com,National Directory,Medium,https://uden.tech,Self-serve,To Submit,,,,Education / Placement services
17,Category 2,Indian Business & Local Directories,Hotfrog India,https://hotfrog.in,Business Directory,Medium,https://uden.tech,Self-serve,To Submit,,,,Add HSR Layout NAP and bio
18,Category 2,Indian Business & Local Directories,Grotal,https://grotal.com,Local Search Engine,Medium,https://uden.tech,Self-serve,To Submit,,,,Free business listing
19,Category 2,Indian Business & Local Directories,Asklaila,https://asklaila.com,Local City Guide,Medium,https://uden.tech,Self-serve,To Submit,,,,Select Bangalore as primary city
20,Category 2,Indian Business & Local Directories,ExportersIndia,https://exportersindia.com,Enterprise Directory,Medium,https://uden.tech,Self-serve,To Submit,,,,Submit EdTech solutions catalog
21,Category 2,Indian Business & Local Directories,Indiabizlist,https://indiabizlist.com,Indian Business Index,Medium,https://uden.tech,Self-serve,To Submit,,,,Free business profile
22,Category 2,Indian Business & Local Directories,Brownbook,https://brownbook.net,Global / Regional Index,Medium,https://uden.tech,Self-serve,To Submit,,,,Submit NAP and audience links
23,Category 2,Indian Business & Local Directories,Yalwa India,https://yalwa.in,Classifieds & Directory,Medium,https://uden.tech,Self-serve,To Submit,,,,Category: Education & Training
24,Category 2,Indian Business & Local Directories,iGlobal,https://iglobal.co,Indian Business Directory,Medium,https://uden.tech,Self-serve,To Submit,,,,Free profile with NAP
25,Category 2,Indian Business & Local Directories,Ezlocal,https://ezlocal.com,Local SEO Directory,Medium,https://uden.tech,Self-serve,To Submit,,,,Submit business profile
26,Category 2,Indian Business & Local Directories,CitySquares,https://citysquares.com,Neighborhood Search,Medium,https://uden.tech,Self-serve,To Submit,,,,Submit Bangalore location details
27,Category 2,Indian Business & Local Directories,MSME Mart,https://msmeonline.in,Official MSME Portal,High,https://uden.tech,Govt Verification,To Submit,,,,UDEN is MSME-registered; link Udyam certificate
28,Category 2,Indian Business & Local Directories,GeM Vendor Profile,https://gem.gov.in,Government e-Marketplace,High,https://uden.tech/government-partnership,Govt Vendor,To Submit,,,,Essential for B2G skilling work
29,Category 2,Indian Business & Local Directories,Bangalore Local Directory,https://bengaluru.clickindia.com,City Local Directory,Medium,https://uden.tech,Self-serve,To Submit,,,,Search HSR Layout Bengaluru business directories
30,Category 2,Indian Business & Local Directories,Ranchi Business Directory,https://ranchi.clickindia.com,Regional Operations,Medium,https://uden.tech,Self-serve,To Submit,,,,Relevant for Ranchi operations & B2G work
31,Category 3,Accelerator & Government Badges,Startup India / DPIIT,https://startupindia.gov.in,Official Startup Profile,High,https://uden.tech,Warm Outreach,To Submit,,,,Claim / verify public profile on Startup India
32,Category 3,Accelerator & Government Badges,Microsoft for Startups,https://startups.microsoft.com,Founders Hub Portfolio,High,https://uden.tech,Warm Outreach,To Submit,,,,Email account manager to verify portfolio link
33,Category 3,Accelerator & Government Badges,NVIDIA Inception,https://nvidia.com/inception,Member Directory,High,https://uden.tech,Warm Outreach,To Submit,,,,Request member directory listing from partner team
34,Category 3,Accelerator & Government Badges,AWS EdStart,https://aws.amazon.com/edstart,EdStart Members Hub,High,https://uden.tech,Warm Outreach,To Submit,,,,Ask program manager to verify profile on member page
35,Category 3,Accelerator & Government Badges,NSRCEL IIM Bangalore,https://nsrcel.org,Alumni / Portfolio Page,High,https://uden.tech,Warm Outreach,To Submit,,,,Email NSRCEL lead to verify public startup link
36,Category 4,Startup & Product Discovery Directories,Product Hunt,https://producthunt.com,Product Launch,High,https://uden.tech/students,Founder Account,To Submit,,,,Schedule launch day for UDEN AI Interview Prep
37,Category 4,Startup & Product Discovery Directories,Wellfound (AngelList),https://wellfound.com,Startup Ecosystem,High,https://uden.tech,Self-serve,To Submit,,,,Update jobs and company details
38,Category 4,Startup & Product Discovery Directories,F6S,https://f6s.com,Accelerator Network,Medium,https://uden.tech,Self-serve,To Submit,,,,Complete company profile & funding details
39,Category 4,Startup & Product Discovery Directories,BetaList,https://betalist.com,Early Stage Showcase,Medium,https://uden.tech,Self-serve,To Submit,,,,Submit AI Career Readiness platform
40,Category 4,Startup & Product Discovery Directories,Indie Hackers,https://indiehackers.com,Product Profile,Medium,https://uden.tech,Self-serve,To Submit,,,,Add product milestone ($0 to $X / 2500+ students)
41,Category 4,Startup & Product Discovery Directories,AlternativeTo,https://alternativeto.net,Software Alternative Index,Medium,https://uden.tech/students,Self-serve,To Submit,,,,Position as AI-first alternative to manual TPO tools
42,Category 4,Startup & Product Discovery Directories,StackShare,https://stackshare.io,Tech Stack Sharing,Medium,https://uden.tech,Self-serve,To Submit,,,,List React, Node, Python, AWS, and AI stack
43,Category 4,Startup & Product Discovery Directories,G2,https://g2.com,Software Reviews,High,https://uden.tech/colleges,Vendor Account,To Submit,,,,List Campus Placement System; collect college reviews
44,Category 4,Startup & Product Discovery Directories,Capterra,https://capterra.com,Enterprise Software,High,https://uden.tech/colleges,Vendor Account,To Submit,,,,Education & Placement Software category
45,Category 4,Startup & Product Discovery Directories,GetApp,https://getapp.com,Business Apps Directory,High,https://uden.tech/colleges,Vendor Account,To Submit,,,,Managed through Gartner Digital Markets
46,Category 4,Startup & Product Discovery Directories,SaaSHub,https://saashub.com,Software Alternatives,Medium,https://uden.tech,Self-serve,To Submit,,,,Submit profile and tags
47,Category 4,Startup & Product Discovery Directories,There's An AI For That,https://theresanaiforthat.com,AI Tool Aggregator,High,https://uden.tech/students,Self-serve,To Submit,,,,Submit under AI Mock Interview & Career Prep
48,Category 4,Startup & Product Discovery Directories,Futurepedia,https://futurepedia.io,AI Directory,High,https://uden.tech/students,Self-serve,To Submit,,,,Submit UDEN AI Career Practice
49,Category 4,Startup & Product Discovery Directories,StartuPage,https://startupage.com,Startup Showcase,Medium,https://uden.tech,Self-serve,To Submit,,,,Free startup listing
50,Category 4,Startup & Product Discovery Directories,Crunchbase (Enhanced),https://crunchbase.com,Company Profile,High,https://uden.tech,Self-serve,To Submit,,,,Add recent employee growth & institutional partnerships
51,Category 5,India Startup / Founder Ecosystem Platforms,YourStory,https://yourstory.com,Founder Pitch / Press,High,https://uden.tech,PR Pitch,To Submit,,,,Pitch founder story: Tier 2/3 engineering employability
52,Category 5,India Startup / Founder Ecosystem Platforms,Inc42,https://inc42.com,Startup Story Pitch,High,https://uden.tech,PR Pitch,To Submit,,,,Pitch AI placement automation traction
53,Category 5,India Startup / Founder Ecosystem Platforms,Entrackr,https://entrackr.com,Tech Media Pitch,Medium,https://uden.tech,PR Pitch,To Submit,,,,Pitch 2500+ placed milestone
54,Category 5,India Startup / Founder Ecosystem Platforms,VCCircle,https://vccircle.com,Investment & Tech News,Medium,https://uden.tech,PR Pitch,To Submit,,,,News tip on corporate hiring partner network
55,Category 5,India Startup / Founder Ecosystem Platforms,StartupTalky,https://startuptalky.com,Startup Profile & Interview,High,https://uden.tech,PR Pitch,To Submit,,,,Submit case study on scaling Tier 2/3 placement
56,Category 5,India Startup / Founder Ecosystem Platforms,TheKredible,https://thekredible.com,Financial & Startup Intel,Medium,https://uden.tech,PR Pitch,To Submit,,,,Share company profile & metrics
57,Category 5,India Startup / Founder Ecosystem Platforms,Tracxn,https://tracxn.com,Company Intelligence,High,https://uden.tech,Self-serve,To Submit,,,,Claim company profile; update verified traction
58,Category 5,India Startup / Founder Ecosystem Platforms,NASSCOM Member Directory,https://nasscom.in,Industry Consortium,High,https://uden.tech,Member Directory,To Submit,,,,Submit via NASSCOM membership or 10,000 Startups
59,Category 5,India Startup / Founder Ecosystem Platforms,TiE Bangalore,https://tie.org,Entrepreneurship Network,Medium,https://uden.tech,Member Directory,To Submit,,,,Update member directory listing
60,Category 5,India Startup / Founder Ecosystem Platforms,NextBigWhat,https://nextbigwhat.com,Product & Tech Community,Medium,https://uden.tech,Self-serve,To Submit,,,,Share launch story & AI engineering insights
61,Category 6,Review & SaaS/EdTech-Adjacent Listing Sites,SoftwareSuggest,https://softwaresuggest.com,Indian Software Directory,High,https://uden.tech/colleges,Vendor Account,To Submit,,,,Top software directory for Indian colleges
62,Category 6,Review & SaaS/EdTech-Adjacent Listing Sites,GoodFirms,https://goodfirms.co,B2B IT & Software Reviews,High,https://uden.tech/recruiters,Vendor Account,To Submit,,,,List under Recruitment Software & IT Services
63,Category 6,Review & SaaS/EdTech-Adjacent Listing Sites,Clutch,https://clutch.co,B2B Service Profiles,High,https://uden.tech/recruiters,Vendor Account,To Submit,,,,High DA backlink; request 3 client reviews
64,Category 6,Review & SaaS/EdTech-Adjacent Listing Sites,SourceForge,https://sourceforge.net,Open/Tech Software Directory,Medium,https://uden.tech,Vendor Account,To Submit,,,,List Campus Placement System
65,Category 6,Review & SaaS/EdTech-Adjacent Listing Sites,TrustRadius,https://trustradius.com,Verified B2B Reviews,Medium,https://uden.tech/colleges,Vendor Account,To Submit,,,,Enterprise review platform
66,Category 6,Review & SaaS/EdTech-Adjacent Listing Sites,Slashdot,https://slashdot.org,Tech Review Directory,Medium,https://uden.tech,Self-serve,To Submit,,,,Software listing under Slashdot directory
67,Category 6,Review & SaaS/EdTech-Adjacent Listing Sites,FinancesOnline,https://financesonline.com,SaaS Comparison Engine,Medium,https://uden.tech/colleges,Vendor Account,To Submit,,,,Submit EdTech SaaS profile
68,Category 6,Review & SaaS/EdTech-Adjacent Listing Sites,Crozdesk,https://crozdesk.com,Software Discovery,Medium,https://uden.tech/colleges,Vendor Account,To Submit,,,,Submit Campus software details
69,Category 6,Review & SaaS/EdTech-Adjacent Listing Sites,AppSumo,https://appsumo.com,Product Listing,Low,https://uden.tech/students,Vendor Account,To Submit,,,,Optional special student promotion listing
70,Category 6,Review & SaaS/EdTech-Adjacent Listing Sites,Educational App Store,https://educationalappstore.com,EdTech Directory,Medium,https://uden.tech/students,Self-serve,To Submit,,,,Submit Android & Web apps
71,Category 7,EdTech / Education & Career-Niche Platforms,Shiksha,https://shiksha.com,College & Career Portal,High,https://uden.tech/colleges,Partner / Pitch,To Submit,,,,Pitch placement data & college partnership
72,Category 7,EdTech / Education & Career-Niche Platforms,Collegedunia,https://collegedunia.com,Higher Ed Portal,High,https://uden.tech/colleges,Partner / Pitch,To Submit,,,,Submit placement index benchmark article
73,Category 7,EdTech / Education & Career-Niche Platforms,Careers360,https://careers360.com,Education Discovery,High,https://uden.tech/students,Partner / Pitch,To Submit,,,,Guest article on Tier 2 engineering placements
74,Category 7,EdTech / Education & Career-Niche Platforms,GetMyUni,https://getmyuni.com,Student Portal,Medium,https://uden.tech/students,Partner / Pitch,To Submit,,,,Pitch student placement roadmap
75,Category 7,EdTech / Education & Career-Niche Platforms,CollegeSearch,https://collegesearch.in,Campus Portal,Medium,https://uden.tech/colleges,Partner / Pitch,To Submit,,,,Submit college placement tool listing
76,Category 7,EdTech / Education & Career-Niche Platforms,iSchoolConnect Blog,https://ischoolconnect.com,Guest Post Pitch,Medium,https://uden.tech/reports/tier-2-3-placement-report-2026,Editorial Pitch,To Submit,,,,Pitch article: Role of AI in engineering hiring
77,Category 7,EdTech / Education & Career-Niche Platforms,EdTechReview,https://edtechreview.in,EdTech Industry Media,High,https://uden.tech/reports/tier-2-3-placement-report-2026,Editorial Pitch,To Submit,,,,Pitch Placement Report data release
78,Category 7,EdTech / Education & Career-Niche Platforms,Digital Learning Magazine,https://digitallearning.eletsonline.com,Higher Ed Publication,High,https://uden.tech/colleges,Editorial Pitch,To Submit,,,,Institutional magazine read by College Principals & TPOs
79,Category 7,EdTech / Education & Career-Niche Platforms,Higher Education Digest,https://highereducationdigest.com,University Leadership,High,https://uden.tech/colleges,Editorial Pitch,To Submit,,,,Pitch article on NAAC/NBA placement analytics
80,Category 7,EdTech / Education & Career-Niche Platforms,The Higher Education Review,https://thehighereducationreview.com,Institutional Magazine,High,https://uden.tech/colleges,Editorial Pitch,To Submit,,,,TPO software spotlight pitch
81,Category 7,EdTech / Education & Career-Niche Platforms,EdSurge,https://edsurge.com,Global EdTech Press,Medium,https://uden.tech/reports/tier-2-3-placement-report-2026,Editorial Pitch,To Submit,,,,Global perspective on Indian Tier 2/3 engineers
82,Category 7,EdTech / Education & Career-Niche Platforms,Education World India,https://educationworld.in,Pan-India Education News,High,https://uden.tech,Editorial Pitch,To Submit,,,,Pitch 2026 Placement Report
83,Category 7,EdTech / Education & Career-Niche Platforms,India Education Diary,https://indiaeducationdiary.in,Education PR & News,High,https://uden.tech,Press Release,To Submit,,,,Send placement index release
84,Category 7,EdTech / Education & Career-Niche Platforms,ETEducation (Economic Times),https://brandequity.economictimes.indiatimes.com/education,Premium Press Pitch,High,https://uden.tech/reports/tier-2-3-placement-report-2026,Press Pitch,To Submit,,,,Economic Times education desk pitch
85,Category 7,EdTech / Education & Career-Niche Platforms,HR Katha,https://hrkatha.com,HR & Recruitment Publication,High,https://uden.tech/recruiters,Editorial Pitch,To Submit,,,,HR angles: Campus hiring challenges in 2026
86,Category 8,Q&A Forums & Social Bookmarking,Quora,https://quora.com,Q&A Thought Leadership,Medium,https://uden.tech/students,Answer Contribution,To Submit,,,,Answer questions on Tier 2 college placements
87,Category 8,Q&A Forums & Social Bookmarking,Reddit (r/developersIndia),https://reddit.com/r/developersIndia,Developer Community,High,https://uden.tech/reports/tier-2-3-placement-report-2026,Community Post,To Submit,,,,Share helpful placement trends data
88,Category 8,Q&A Forums & Social Bookmarking,Medium,https://medium.com,Syndication / Blog,Medium,https://uden.tech/blogs,Article Syndicate,To Submit,,,,Publish placement articles linking back to canonical
89,Category 8,Q&A Forums & Social Bookmarking,Dev.to,https://dev.to,Technical Community,Medium,https://uden.tech,Technical Article,To Submit,,,,Write post on building AI mock interview engines
90,Category 8,Q&A Forums & Social Bookmarking,Hashnode,https://hashnode.com,Developer Blogging,Medium,https://uden.tech,Technical Article,To Submit,,,,Post technical skilling roadmap
91,Category 8,Q&A Forums & Social Bookmarking,Pinterest,https://pinterest.com,Visual Infographics,Low,https://uden.tech/reports/tier-2-3-placement-report-2026,Infographic Pin,To Submit,,,,Pin placement statistics infographics
92,Category 8,Q&A Forums & Social Bookmarking,SlideShare,https://slideshare.net,Slide Deck Sharing,Medium,https://uden.tech/reports/tier-2-3-placement-report-2026,Deck Upload,To Submit,,,,Upload 2026 Placement Report presentation deck
93,Category 8,Q&A Forums & Social Bookmarking,Scribd,https://scribd.com,Document Publishing,Medium,https://uden.tech/reports/tier-2-3-placement-report-2026,PDF Upload,To Submit,,,,Upload whitepaper PDF
94,Category 8,Q&A Forums & Social Bookmarking,Behance,https://behance.net,Design Case Study,Low,https://uden.tech,Case Study,To Submit,,,,UI/UX showcase of AI interview dashboard
95,Category 8,Q&A Forums & Social Bookmarking,Google Business Updates,https://google.com/business,Local Updates,High,https://uden.tech/students,Weekly Post,To Submit,,,,Weekly Google Posts highlighting student success
96,Category 9,Press Release & Startup News Submission,PRLog,https://prlog.org,Free Press Wire,Medium,https://uden.tech/reports/tier-2-3-placement-report-2026,Press Distribution,To Submit,,,,Free distribution of 2026 Placement Report
97,Category 9,Press Release & Startup News Submission,openPR,https://openpr.com,Free Press Distribution,Medium,https://uden.tech,Press Distribution,To Submit,,,,Submit company milestone press release
98,Category 9,Press Release & Startup News Submission,IndiaPRwire,https://indiaprwire.com,Indian Regional Wire,Medium,https://uden.tech,Press Distribution,To Submit,,,,Distribute to Indian news desks
99,Category 9,Press Release & Startup News Submission,PRUnderground,https://prunderground.com,Syndicated News Release,Medium,https://uden.tech,Press Distribution,To Submit,,,,Syndicate across Google News & regional portals
100,Category 9,Press Release & Startup News Submission,Business Wire India / PR Newswire,https://businesswireindia.com,Paid Enterprise Wire,High,https://uden.tech,Paid Milestone,To Submit,,,,Reserve for major institutional funding or placement milestone
